{
    "timestamp": {
        "min": [
            0.0
        ],
        "max": [
            9.9
        ],
        "mean": [
            2.4573041637261817
        ],
        "std": [
            1.6939109894856448
        ],
        "count": [
            1417
        ],
        "q01": [
            -1e-10
        ],
        "q10": [
            0.4441057642087806
        ],
        "q50": [
            2.42897105151608
        ],
        "q90": [
            4.457923311302435
        ],
        "q99": [
            4.907222092689821
        ]
    },
    "action": {
        "min": [
            -0.999969482421875,
            -0.999969482421875,
            -0.999969482421875,
            0.0
        ],
        "max": [
            0.987091064453125,
            0.96099853515625,
            1.0,
            2.0
        ],
        "mean": [
            -0.06826435536016028,
            0.0003163100185100154,
            0.05157858385436957,
            0.901199717965863
        ],
        "std": [
            0.2256519088069461,
            0.25318080538214,
            0.40426416694477696,
            0.37207383503540076
        ],
        "count": [
            1417
        ],
        "q01": [
            -0.7699729472545982,
            -0.5148681339529664,
            -0.9249118328430994,
            0.1242060690726182
        ],
        "q10": [
            -0.35852143259418506,
            -0.2134630551576897,
            -0.14184084125140914,
            0.510235316221684
        ],
        "q50": [
            -8.002171922547915e-05,
            -1.2276318430083753e-05,
            -3.3573605851682935e-05,
            0.9295748368767792
        ],
        "q90": [
            0.011638246728797237,
            0.20194640797162547,
            0.7787625700141,
            1.0003170938597963
        ],
        "q99": [
            0.1870014417344406,
            0.4981955489268169,
            0.9293946007078558,
            1.9293092858749288
        ]
    },
    "task_index": {
        "min": [
            0
        ],
        "max": [
            0
        ],
        "mean": [
            0.0
        ],
        "std": [
            0.0
        ],
        "count": [
            1417
        ],
        "q01": [
            3.9999999999994176e-16
        ],
        "q10": [
            3.999999999999418e-15
        ],
        "q50": [
            1.9999999999997088e-14
        ],
        "q90": [
            3.5999999999994754e-14
        ],
        "q99": [
            3.9599999999994235e-14
        ]
    },
    "observation.images.front": {
        "min": [
            [
                [
                    0.06666666666666667
                ]
            ],
            [
                [
                    0.08235294117647059
                ]
            ],
            [
                [
                    0.08235294117647059
                ]
            ]
        ],
        "max": [
            [
                [
                    1.0
                ]
            ],
            [
                [
                    1.0
                ]
            ],
            [
                [
                    1.0
                ]
            ]
        ],
        "mean": [
            [
                [
                    0.2727475567086509
                ]
            ],
            [
                [
                    0.3883899084055266
                ]
            ],
            [
                [
                    0.505565091747984
                ]
            ]
        ],
        "std": [
            [
                [
                    0.006084175610036685
                ]
            ],
            [
                [
                    0.0041097683325343245
                ]
            ],
            [
                [
                    0.0024583302260783014
                ]
            ]
        ],
        "count": [
            1417
        ],
        "q01": [
            [
                [
                    0.07073410321451958
                ]
            ],
            [
                [
                    0.13345845669017545
                ]
            ],
            [
                [
                    0.14720398450961242
                ]
            ]
        ],
        "q10": [
            [
                [
                    0.11815621721762888
                ]
            ],
            [
                [
                    0.20393309314185404
                ]
            ],
            [
                [
                    0.2844292376048309
                ]
            ]
        ],
        "q50": [
            [
                [
                    0.18004693624681775
                ]
            ],
            [
                [
                    0.3376522981658737
                ]
            ],
            [
                [
                    0.493631879727064
                ]
            ]
        ],
        "q90": [
            [
                [
                    0.5713745692740201
                ]
            ],
            [
                [
                    0.6236100261257734
                ]
            ],
            [
                [
                    0.7475620868515134
                ]
            ]
        ],
        "q99": [
            [
                [
                    0.9999296228330773
                ]
            ],
            [
                [
                    0.999930809964592
                ]
            ],
            [
                [
                    0.9999310452331521
                ]
            ]
        ]
    },
    "observation.images.wrist": {
        "min": [
            [
                [
                    0.07450980392156863
                ]
            ],
            [
                [
                    0.07450980392156863
                ]
            ],
            [
                [
                    0.07450980392156863
                ]
            ]
        ],
        "max": [
            [
                [
                    1.0
                ]
            ],
            [
                [
                    0.8627450980392157
                ]
            ],
            [
                [
                    1.0
                ]
            ]
        ],
        "mean": [
            [
                [
                    0.25829443018840936
                ]
            ],
            [
                [
                    0.38220468808512403
                ]
            ],
            [
                [
                    0.5425719188680842
                ]
            ]
        ],
        "std": [
            [
                [
                    0.030155522040275
                ]
            ],
            [
                [
                    0.030216674875066022
                ]
            ],
            [
                [
                    0.03333365203018298
                ]
            ]
        ],
        "count": [
            1417
        ],
        "q01": [
            [
                [
                    0.07450980392117644
                ]
            ],
            [
                [
                    0.07450980392117644
                ]
            ],
            [
                [
                    0.07450980392117644
                ]
            ]
        ],
        "q10": [
            [
                [
                    0.1154506774351626
                ]
            ],
            [
                [
                    0.22679047079057502
                ]
            ],
            [
                [
                    0.33619452334950145
                ]
            ]
        ],