{
    "timestamp": {
        "min": [
            0.0
        ],
        "max": [
            9.9
        ],
        "mean": [
            2.4573041637261817
        ],
        "std": [
            1.6939109894856448
        ]
    },
    "action": {
        "min": [
            -0.999969482421875,
            -0.999969482421875,
            -0.999969482421875,
            0.0
        ],
        "max": [
            0.987091064453125,
            0.96099853515625,
            1.0,
            2.0
        ],
        "mean": [
            -0.06826435536016028,
            0.0003163100185100154,
            0.05157858385436957,
            0.901199717965863
        ],
        "std": [
            0.2256519088069461,
            0.25318080538214,
            0.40426416694477696,
            0.37207383503540076
        ]
    },
    "task_index": {
        "min": [
            0
        ],
        "max": [
            0
        ],
        "mean": [
            0.0
        ],
        "std": [
            0.0
        ]
    },
    "observation.images.front": {
        "min": [
            [
                [
                    0.06666666666666667
                ]
            ],
            [
                [
                    0.08235294117647059
                ]
            ],
            [
                [
                    0.08235294117647059
                ]
            ]
        ],
        "max": [
            [
                [
                    1.0
                ]
            ],
            [
                [
                    1.0
                ]
            ],
            [
                [
                    1.0
                ]
            ]
        ],
        "mean": [
            [
                [
                    0.2727475567086509
                ]
            ],
            [
                [
                    0.3883899084055266
                ]
            ],
            [
                [
                    0.505565091747984
                ]
            ]
        ],
        "std": [
            [
                [
                    0.006084175610036685
                ]
            ],
            [
                [
                    0.0041097683325343245
                ]
            ],
            [
                [
                    0.0024583302260783014
                ]
            ]
        ]
    },
    "observation.images.wrist": {
        "min": [
            [
                [
                    0.07450980392156863
                ]
            ],
            [
                [
                    0.07450980392156863
                ]
            ],
            [
                [
                    0.07450980392156863
                ]
            ]
        ],
        "max": [
            [
                [
                    1.0
                ]
            ],
            [
                [
                    0.8627450980392157
                ]
            ],
            [
                [
                    1.0
                ]
            ]
        ],
        "mean": [
            [
                [
                    0.25829443018840936
                ]
            ],
            [
                [
                    0.38220468808512403
                ]
            ],
            [
                [
                    0.5425719188680842
                ]
            ]
        ],
        "std": [
            [
                [
                    0.030155522040275
                ]
            ],
            [
                [
                    0.030216674875066022
                ]
            ],
            [
                [
                    0.03333365203018298
                ]
            ]
        ]
    },
    "next.done": {
        "min": [
            false
        ],
        "max": [
            true
        ],
        "mean": [
            0.021171489061397323
        ],
        "std": [
            0.143955747062493
        ]
    },
    "frame_index": {
        "min": [
            0
        ],
        "max": [
            99
        ],
        "mean": [
            24.57304163726182
        ],
        "std": [
            16.939109894856436
        ]
    },
    "index": {
        "min": [
            0
        ],
        "max": [
            1416
        ],
        "mean": [
            708.0
        ],
        "std": [
            409.05256385946285
        ]
    },
    "observation.state": {
        "min": [
            -0.2374880015850067,
            -0.602963387966156,
            -0.1308106780052185,
            -3.0733649730682373,
            -0.13945619761943817,
            2.470468759536743,
            0.38449975848197937,
            -0.3846479654312134,
            -4.558139801025391,
            -0.2121308445930481,
            -0.6635998487472534,
            -0.5046351552009583,
            -3.757436513900757,
            -0.496798038482666,
            0.0,
            0.27748343348503113,
            -0.15814639627933502,
            -0.0037254169583320618
        ],
        "max": [
            0.25423261523246765,
            0.45725828409194946,
            0.20016981661319733,
            -2.151535749435425,
            0.10221109539270401,
            3.1044628620147705,
            1.2845022678375244,
            0.29130250215530396,
            0.9355533123016357,
            0.24785299599170685,
            0.6439129114151001,
            0.5048636198043823,
            0.8310605883598328,
            0.47512176632881165,
            255.0,
            0.5644867420196533,
            0.15253327786922455,
            0.15675774216651917
        ],
        "mean": [
            -0.008413326129778673,
            0.16994512294357986,
            -0.0008727494381918935,
            -2.562559217656256,
            0.0005550482773715624,
            2.732881496889791,
            0.7759557715081462,
            -0.0005121496246421769,
            -0.05511909569354022,
            0.0014276370446325195,
            -0.03783205471474129,
            0.0007745209817484008,
            -0.012966056525516316,
            0.00034969183912102447,
            53.80733944954128,
            0.4413038743745296,
            -0.005026357239716927,
            0.05556695862826362
        ],
        "std": [
            0.11816690348629745,
            0.1279786033137866,
            0.06416987149295257,
            0.17672040138412126,
            0.036859416815831006,
            0.12887433040234708,
            0.2039843620132518,
            0.07298686347726072,
            0.3027403420039541,
            0.049945956361415515,
            0.13131603393461963,
            0.06192676782008809,
            0.2631676420041136,
            0.1175668131035898,
            104.04634378742558,
            0.05843793692485436,
            0.07849207342019861,
            0.03197173904242432
        ]
    },
    "episode_index": {
        "min": [
            0
        ],
        "max": [
            29
        ],
        "mean": [
            13.848976711362033
        ],
        "std": [
            8.918421184627691
        ]
    },
    "next.reward": {
        "min": [
            0.0
        ],
        "max": [
            1.0
        ],
        "mean": [
            0.020465772876998405
        ],
        "std": [
            0.14158716512131414
        ]
    }
}